시/도,시/군/구,서점명,매장번호,주소,인증여부,좌표
서울특별시,마포구,gaga77page,010-5769-0377,서울 마포구 망원로 74-1 (망원동) 지하 1층,미인증,"37.553711, 126.909416"
서울특별시,동작구,더북스,070-7574-4283,서울 동작구 상도로 37 (대방동)101호,인증,"37.503261, 126.929946"
서울특별시,노원구,(신)보람문고,02-935-4999,서울 노원구 한글비석로 466 (상계동),미인증,"37.659408, 127.056444"
서울특별시,광진구,(주)공손서점,02-444-1570,"서울 광진구 아차산로70길 17-17 (광장동, 삼성아파트) 1차상가 103호 공손서점",미인증,"37.537788, 127.081454"
서울특별시,강서구,(주)나라문고,02-2603-3231,서울 강서구 강서로 247 (화곡동) 지층,미인증,"37.530815, 126.837937"
서울특별시,영등포구,(주)와우북 트윈점,02-783-2929,서울 영등포구 여의대로 128 (여의도동) 엘지트윈타워 동관 지하 1층,미인증,"37.522599, 126.924728"
서울특별시,마포구,1984,02-325-1984,서울 마포구 동교로 194 (동교동),미인증,"37.556666, 126.919347"
서울특별시,강남구,21세기문고,02-3463-1880,서울 강남구 남부순환로359길 31 (도곡동),미인증,"37.492603, 127.045236"
서울특별시,강남구,C&S서점,02-2190-2178,서울 강남구 남부순환로 2806 (도곡동) 지하 1층,미인증,"37.488794, 127.037792"
서울특별시,종로구,Chinabook 중국서점,02-722-4688,서울 종로구 종로 19 (종로1가),미인증,"37.570616, 126.981348"
서울특별시,종로구,Off to Alone,010-1111-0000,서울 종로구 자하문로15길 26-4 (통인동),미인증,"37.581706, 126.966496"
서울특별시,강북구,SK문고,02-945-1959,서울 강북구 솔샘로 215 2층 (미아동),인증,"37.620918, 127.020275"
서울특별시,마포구,ZEROHUNDRED,010-5651-1324,"서울 마포구 망원로2길 19 (망원동, 호강주택)",미인증,"37.558590, 126.907662"
서울특별시,금천구,가람프라자,02-891-7474,서울 금천구 시흥대로41길 95 (시흥동),미인증,"37.448836, 126.903936"
서울특별시,종로구,각자의 삶,02-765-7577,서울 종로구 창덕궁길 169 (가회동) 1층,미인증,"37.581402, 126.984678"
서울특별시,성북구,갑을문고,02-3292-0002,"서울 성북구 화랑로11길 26 (하월곡동, 월곡갑을명가) b101호",인증,"37.604702, 127.039537"
서울특별시,강서구,강서문고,02-2692-6954,서울 강서구 화곡동 362-83 지하,미인증,"37.535946, 126.847660"
서울특별시,양천구,강서서점,02-2651-1085,서울 양천구 목동 736-18 1층 강서서점,미인증,"37.533932, 126.873905"
서울특별시,송파구,개롱서점,02-403-1603,서울 송파구 오금로 414 (가락동),인증,"37.496714, 127.130409"
서울특별시,서초구,거목서점,02-3476-1585,서울 서초구 신반포로 213 (잠원동)반포쇼핑타운7동 지하,인증,"37.511902, 127.011359"
서울특별시,종로구,건강책방 일일호일,02-737-1101,서울 종로구 자하문로 52 (창성동),미인증,"37.582124, 126.966533"
서울특별시,노원구,건영문고,02-949-2148,서울 노원구 섬밭로 258 (중계동) 지하 1층,미인증,"37.658438, 127.071380"
서울특별시,강서구,게으른 오후,070-8862-9632,서울 강서구 양천로30길 46 (마곡동) 1층,미인증,"37.563413, 126.820293"
서울특별시,성동구,경일서점,02-497-5670,서울 성동구 성수일로 33 (성수동1가),미인증,"37.545594, 127.055148"
서울특별시,마포구,경험서재,02-711-7932,서울 마포구 백범로 35 (신수동) 서강대학교 곤자가홀 1층,미인증,"37.549895, 126.935258"
서울특별시,동대문구,경희문고,02-957-7799,서울 동대문구 회기로 113 (회기동),미인증,"37.591606, 127.053883"
서울특별시,성북구,계성문고,02-943-5398,"서울 성북구 길음로 33 (길음동, 길음뉴타운)래미안8단지상가 B동 2층",미인증,"37.602769, 127.018112"
서울특별시,용산구,고래서점,02-717-8346,서울 용산구 한강대로 307 (갈월동),미인증,"37.531564, 126.964027"
서울특별시,강서구,고려서점,,서울 강서구 내발산동 680-7 지층,미인증,"37.551531, 126.838278"
서울특별시,용산구,고요서사,010-7262-4226,서울 용산구 신흥로15길 18-4 (용산동2가),미인증,"37.533013, 126.961640"
서울특별시,중구,고정환독립서점,010-8942-9108,서울 중구 을지로20길 32-3 (인현동2가) 203호,미인증,"37.558575, 126.943939"
서울특별시,동작구,곰북스서점,02-821-5672,서울 동작구 양녕로 186 (상도동) 지층,미인증,"37.594662, 127.003419"
서울특별시,종로구,공간과몰입,010-4963-8097,서울 종로구 낙산길 19 (동숭동) 1층,미인증,"37.552589, 126.921817"
서울특별시,마포구,공상온도,02-336-0247,서울 마포구 동교로23길 40 (동교동) 지1층,미인증,"37.631764, 127.073648"
서울특별시,양천구,공신서점,02-2699-4002,서울 양천구 신정로13길 22 (신정동)대림프라자 103호,미인증,"37.615778, 127.071229"
서울특별시,노원구,공일서적,02-972-6407,서울 노원구 공릉로 101 (공릉동),미인증,"37.618225, 126.928566"
서울특별시,종로구,과학책방 갈다,02-723-1018,서울 종로구 삼청로10길 18 (삼청동),미인증,"37.620837, 127.071608"
서울특별시,은평구,광명문고,02-303-0524,서울 은평구 수색로 268 (수색동),인증,"37.624227, 127.086163"
서울특별시,노원구,광운대학교 구내서점,02-911-8336,서울 노원구 광운로 20 (월계동) 비마관 2층,미인증,"37.616316, 127.077842"
서울특별시,광진구,광진서적,02-455-2999,"서울 광진구 광나루로36길 76 (구의동) 함녕빌딩 101, 102호",미인증,"37.491803, 126.998121"
서울특별시,강남구,광평서점,02-445-6842,서울 강남구 광평로 63 (일원동)정오빌딩 1층 103호 광평서점,미인증,"37.483297, 127.125974"
서울특별시,강서구,교보서적,070-1321-6148,서울 강서구 양천로 87 (방화동),미인증,"37.568122, 126.824303"
서울특별시,구로구,구일서점,02-853-0191,서울 구로구 구일로4길 66 (구로동),미인증,"37.497678, 126.880872"
서울특별시,강서구,굿모닝북스,070-7542-6775,서울 강서구 마곡중앙10로 10 (마곡동) 통합지원센터지하 2층,미인증,"37.558244, 126.826635"
서울특별시,관악구,그날이오면,02-885-8290,서울 관악구 신림로14길 26 (신림동),미인증,"37.483333, 126.913904"
서울특별시,노원구,그랜드문고,02-938-1065,서울 노원구 한글비석로 253 (중계동) 지하 1층,미인증,"37.655464, 127.062269"
서울특별시,용산구,그린서적,02-797-5497,서울 용산구 보광로7길 46 (보광동),미인증,"37.541295, 126.991231"
서울특별시,마포구,그림책방 곰곰,02-335-2041,서울 마포구 성미산로23길 16-5 (연남동) B03호,미인증,"37.555618, 126.919949"
서울특별시,영등포구,그림책방 노른자,0507-1351-0173,서울 영등포구 영등포로5길 28 (양평동2가) 하나름마트 건물 2층,미인증,"37.517237, 126.905546"
서울특별시,성북구,그림책방 종달새의 마음,010-2416-3165,서울 성북구 월곡로 54 (종암동) 1층,미인증,"37.589232, 127.030652"
서울특별시,강남구,글벗서점,02-557-8910,서울 강남구 도곡로 516 (대치동),미인증,"37.505968, 127.057954"
서울특별시,마포구,글벗서점,02-333-1382,서울 마포구 신촌로 48 (동교동) 지층~2층,미인증,"37.551866, 126.928814"
서울특별시,은평구,글벗서점,02-302-6621,서울 은평구 신사동 23-4 1층,미인증,"37.602458, 126.930317"
서울특별시,양천구,글빛문고,02-2642-8360,"서울 양천구 목동중앙로 43 (목동, 목동 글로리파크) 지하1층 글빛문고",미인증,"37.619579, 127.031935"
서울특별시,성북구,글숲책방,010-6224-0321,서울 성북구 정릉로24길 57-6 (정릉동),미인증,"37.616038, 127.010086"
서울특별시,서초구,금성서적,02-599-4148,서울 서초구 신반포로3길 8 (반포동) 지하 1층 143호,미인증,"37.487829, 127.004174"
서울특별시,양천구,꽃피는책,0507-1306-0858,서울 양천구 목동중앙북로16길 58 (목동),미인증,"37.525684, 126.872326"
서울특별시,강남구,나나문고,02-571-4495,"서울 강남구 선릉로 221 (도곡동, 도곡렉슬아파트)",미인증,"37.503225, 127.048363"
서울특별시,강서구,나무곁에 서서,010-8963-0186,서울 강서구 강서로76길 19 (가양동) 1층,미인증,"37.558344, 126.848195"
서울특별시,광진구,날일달월,02-457-0102,"서울 광진구 아차산로78길 7 (광장동, 유진스웰) B202호",미인증,"37.545379, 127.084342"
서울특별시,성동구,낫저스트북스,070-4112-2016,서울 성동구 서울숲길 46-1 (성수동1가) 위드플랜츠 내,미인증,"37.544113, 127.041763"
서울특별시,구로구,넘실넘실,02-447-8252,서울 구로구 새말로18길 32 (구로동) 2층,미인증,"37.485641, 126.891714"
서울특별시,중구,노말에이,070-4681-5858,서울 중구 마른내로 12 (저동2가) 4층,미인증,"37.560756, 127.008422"
서울특별시,노원구,노원문고5매장,02-932-3822,서울 노원구 상계로 59 (상계동) 지하1층,미인증,"37.658097, 127.062698"
서울특별시,노원구,노원문고본점,02-951-0633,"서울 노원구 동일로 1384 (상계동, 상계주공6단지아파트) 지하1층",미인증,"37.655743, 127.062094"
서울특별시,노원구,노원문고중계점,02-2091-0633,서울 노원구 중계동 366-5 지하1층,미인증,"37.648363, 127.078683"
서울특별시,강북구,뉴타운문고,02-980-2105,서울 강북구 도봉로 45 (미아동) 나진동 1호,미인증,"37.613968, 127.029301"
서울특별시,관악구,늘벗서점,02-887-4971,서울 관악구 신림로23길 22 (신림동),미인증,"37.483993, 126.920920"
서울특별시,영등포구,늘푸른글방,02-841-5139,서울 영등포구 영등포로 418-1 (신길동),미인증,"37.514136, 126.918013"
서울특별시,은평구,니은서점,02-6084-8433,서울 은평구 연서로26길 35 (대조동),미인증,"37.600995, 126.926313"
서울특별시,광진구,다름상상,010-2738-8233,서울 광진구 구의로16길 93 (구의동) 1층 101호,미인증,"37.540163, 127.086519"
서울특별시,관악구,다산서적,02-883-9321,서울 관악구 대학6길 19 (신림동),미인증,"37.478947, 126.935131"
서울특별시,관악구,다솜서점,02-864-1330,서울 관악구 난우10길 6 지층,인증,"37.478815, 126.934386"
서울특별시,노원구,다솜서점,02-932-5808,서울 노원구 동일로 1677 지하,미인증,"37.479581, 126.932218"
서울특별시,강서구,다시서점,070-4383-4869,서울 강서구 양천로24길 113 (방화동) 지하 1층,미인증,"37.566989, 126.826789"
서울특별시,성북구,다온책방,02-6014-1414,서울 성북구 한천로68길 31 (석관동) 1층,미인증,"37.610228, 127.059996"
서울특별시,동작구,다정한 책방,02-6952-1025,서울 동작구 동작대로9가길 32 (사당동) 1층,미인증,"37.480502, 126.980791"
서울특별시,서대문구,달걀책방,070-8822-2425,서울 서대문구 성산로9길 43-35 (연희동) 1층 103호,미인증,"37.562272, 126.936619"
서울특별시,마포구,당인리책발전소,070-1111-2222,서울 마포구 월드컵로14길 10-8 (서교동),미인증,"37.558458, 126.919776"
서울특별시,영등포구,대교서적,02-780-6407,서울 영등포구 국제금융로7길 22 (여의도동) 대교비상가 1층 116호 대교서적,인증,"37.505871, 126.949969"
서울특별시,동작구,대륙서점,02-821-8878,서울 동작구 성대로 40 (상도동) 1층,미인증,"37.501883, 126.931616"
서울특별시,영등포구,대림문고,02-841-1101,서울 영등포구 대림로 199 1층 (대림동),미인증,"37.509384, 126.905055"
서울특별시,광진구,대림서점,02-2275-4216,서울 광진구 아차산로 208 (자양동),미인증,"37.479097, 127.065273"
서울특별시,관악구,대민문고,02-875-5300,서울 관악구 봉천동 31-1 관악프라자 지층,인증,"37.507465, 126.920818"
서울특별시,은평구,대성서점,02-357-3410,서울 은평구 갈현로29길 51-30 (갈현동),미인증,"37.646465, 127.036651"
서울특별시,종로구,대승서적,02-2277-0656,서울 종로구 율곡로14길 57 (충신동),미인증,"37.553066, 126.864287"
서울특별시,강서구,대영문고,02-3663-7859,서울 강서구 양천로 669 (염창동) 2층,미인증,"37.519421, 126.832204"
서울특별시,영등포구,대원문고,02-2671-2375,서울 영등포구 당산로45길 1 (당산동5가) 205 호,인증,"37.494392, 126.950281"
서울특별시,종로구,대원서적,02-2275-1543,서울 종로구 종로 258 (종로6가)덕성빌딩 A-7호,미인증,"37.626964, 127.024023"
서울특별시,성북구,대원서점,02-914-0660,서울 성북구 정릉로 241 1층 대원서점 (정릉동),미인증,"37.579786, 127.000507"
서울특별시,금천구,대일서점,02-853-1948,서울 금천구 시흥대로 474 (독산동)1층 대일서점,미인증,"37.570022, 127.015438"
서울특별시,강서구,대지문고,02-2644-2650,서울 강서구 등촌로3길 39 (화곡동),미인증,"37.525402, 126.895585"
서울특별시,관악구,대천서점,02-878-7557,서울 관악구 남부순환로 1734 (봉천동) 주원빌딩 B1,인증,"37.559128, 126.851018"
서울특별시,용산구,대학서적 숙명여대점,02-702-3316,서울 용산구 청파로47길 100 (청파동2가),미인증,"37.568983, 126.968251"
서울특별시,성동구,대학서적 한양대점,0507-1310-3384,서울 성동구 왕십리로 222 (사근동) 학생회관 1층 구내서점,미인증,"37.575683, 126.981237"
서울특별시,성동구,대학서적 한양여대점,02-2290-2751,서울 성동구 살곶이길 200 (사근동),미인증,"37.564578, 126.961614"
서울특별시,종로구,더북소사이어티,070-8621-5676,서울 종로구 자하문로10길 22 (통의동) 201,미인증,"37.569018, 126.970559"
서울특별시,서초구,더북스서점,02-3477-6545,서울 서초구 고무래로 22 (반포동) 쌍동빌딩 서관,미인증,"37.570663, 126.966949"
서울특별시,종로구,더숲 초소책방,02-735-0206,서울 종로구 인왕산로 172 (옥인동),미인증,"37.572936, 126.968584"
서울특별시,서대문구,데카르트 수학 책방,02-6082-1166,서울 서대문구 불광천길 116 (북가좌동) 2층,미인증,"37.610278, 126.924166"
서울특별시,광진구,도토리책방,0507-1351-3573,서울 광진구 아차산로41길 7 (자양동) 1층 101호,미인증,"37.537038, 127.078375"
서울특별시,마포구,독서관,010-5287-1930,서울 마포구 동교로27길 41 (연남동) 1층,미인증,"37.561095, 126.922113"
서울특별시,종로구,동남서적,,서울 종로구 종로 260 (종로6가),미인증,"37.570399, 126.999513"
서울특별시,서초구,동네북스,02-571-7757,서울 서초구 동산로6길 18 (양재동) 새한빌딩 1층,인증,"37.459660, 127.041116"
서울특별시,노원구,동네책방 브론테살롱,02-933-8051,서울 노원구 동일로242길 87 (상계동) 커피나무 2층,미인증,"37.656832, 127.054036"
서울특별시,마포구,동네책방개똥이네책놀이터,02-338-0478,서울 마포구 성미산로3나길 16 (성산동),미인증,"37.556917, 126.916146"
서울특별시,성북구,동덕여대 구내서점,02-940-4291,서울 성북구 화랑로13길 60 (하월곡동),미인증,"37.618633, 127.043230"
서울특별시,종로구,동명서점,02-2265-6696,서울 종로구 종로 258 (종로6가) 덕성빌딩 a 20호,미인증,"37.571306, 126.968726"
서울특별시,서초구,동문서점,02-596-8002,서울 서초구 서초중앙로26길 10 (서초동),미인증,"37.491850, 127.011011"
서울특별시,구로구,동방서적,02-2616-9911,서울 구로구 경인로 219 지하1층 동방서적 (오류동),인증,"37.523626, 126.849376"
서울특별시,강남구,동아서점,02-545-0948,"서울 강남구 압구정로29길 68 (압구정동, 현대아파트) 8호",미인증,"37.527493, 127.029715"
서울특별시,종로구,동양서림,02-762-0715,서울 종로구 창경궁로 271-1 (혜화동)114-2,미인증,"37.565448, 126.999308"
서울특별시,금천구,동일서점프라자,02-802-7446,서울 금천구 금하로 771 (시흥동) 1층 102호,미인증,"37.573367, 126.986947"
서울특별시,종로구,동지서적,02-762-7596,서울 종로구 김상옥로 64-1 (충신동)여양진씨대종회관 1층,미인증,"37.571845, 126.966023"
서울특별시,강남구,두나서점,02-561-4326,서울 강남구 선릉로 325 (역삼동),인증,"37.503492, 127.043671"
서울특별시,관악구,드림서점,02-887-4940,서울 관악구 은천로25길 27 (봉천동)하우젠빌 104호,인증,"37.496486, 126.953933"
서울특별시,마포구,땡스북스,02-325-0321,서울 마포구 양화로6길 57-6 (서교동) 1층,미인증,"37.555982, 126.923021"
서울특별시,마포구,라이너노트,02-337-9966,서울 마포구 성미산로29길 4 (연남동),미인증,"37.563018, 126.923477"
서울특별시,종로구,라책방,02-379-1975,서울 종로구 자하문로10길 28 (통의동) 1층,미인증,"37.578541, 126.968718"
서울특별시,강서구,로뎀서점,02-2699-5365,서울 강서구 월정로 128-1 (화곡동),미인증,"37.540542, 126.837579"
서울특별시,종로구,로프트북스,070-8691-3223,서울 종로구 창의문로 129 (부암동) 2층,미인증,"37.591066, 126.965763"
서울특별시,종로구,리테라,-----,서울 종로구 성균관로17길 5 (명륜1가) 601호,미인증,해당 정보가 없어서 좌표 제공 불가
서울특별시,노원구,마들문고,02-938-0028,서울 노원구 동일로 1550 (상계동)고려플라자빌딩 지하1층,미인증,"37.655238, 127.059835"
서울특별시,종로구,마음책방 서가는,070-8818-0137,서울 종로구 창경궁로35길 21 (혜화동) 1층,미인증,"37.586381, 127.001507"
서울특별시,용산구,마이어날다,010-9224-7487,서울 용산구 서빙고로 17 (한강로3가) 용산센트럴파크 해링턴스퀘어 상가 Mall D 2층 43호,미인증,"37.530772, 126.965719"
서울특별시,종로구,마이웨이북스,02-736-8185,서울 종로구 인사동7길 12 (관훈동),미인증,"37.570441, 126.988275"
서울특별시,종로구,마이페이버릿,02-544-9319,서울 종로구 자하문로 121 (청운동) B01호,미인증,"37.583636, 126.970662"
서울특별시,송파구,마중물서점,02-425-7279,서울 송파구 삼전로 99 대성빌딩 지하 (잠실동),인증,"37.510725, 127.090425"
서울특별시,마포구,마포문고,02-715-0066,서울 마포구 큰우물로 60 (용강동) 지하 1층,미인증,"37.553676, 126.933007"
서울특별시,강서구,마포문구문고,02-3664-1704,서울 강서구 등촌동 639,미인증,"37.557423, 126.848049"
서울특별시,강서구,마포문구문고,02-3664-1704,서울 강서구 화곡로 404 (등촌동),인증,"37.529489, 126.849450"
서울특별시,종로구,만나서적,02-2278-6630,서울 종로구 율곡로14길 57 (충신동),미인증,"37.572360, 126.978698"
서울특별시,마포구,만유인력,070-4045-5935,서울 마포구 손기정로 52 (아현동) 1층,미인증,"37.558601, 126.954173"
서울특별시,영등포구,만점북스,02-2672-2375,서울 영등포구 당산로44길 3 (당산동5가) 118호,미인증,"37.515123, 126.903632"
서울특별시,은평구,매일문고,02-355-0262,서울 은평구 서오릉로 133 1층 매일문고 (역촌동),인증,"37.606183, 126.932202"
서울특별시,서초구,메종인디아 트래블앤북스,02-6257-1045,서울 서초구 방배로23길 31-43 (방배동),미인증,"37.489452, 126.839154"
서울특별시,강서구,명덕서점,02-2663-8874,"서울 강서구 공항대로36길 91 (내발산동, 로즈빌)",미인증,"37.544732, 127.153126"
서울특별시,강동구,명문서적,02-428-2227,서울 강동구 고덕로62길 66 (명일동),미인증,"37.545036, 127.142833"
서울특별시,서대문구,명지서적,02-305-6467,서울 서대문구 가좌로 120 (홍은동)명지서적1층,미인증,"37.631264, 127.043899"
서울특별시,서대문구,명지전문대 구내서점,02-304-0161,서울 서대문구 가좌로 134 (홍은동),미인증,"37.554268, 127.131689"
서울특별시,도봉구,모닝글로리,02-956-9227,서울 도봉구 시루봉로 67 (방학동)청구아파트상가B동지하,미인증,"37.639868, 127.057758"
서울특별시,강동구,모두랑,02-442-3213,"서울 강동구 양재대로 1706 (고덕동, 아남아파트) 상가 2층 215호",미인증,"37.557297, 127.136150"
서울특별시,도봉구,모모,010-2357-9640,서울 도봉구 도봉로181나길 16 (도봉동)B1,미인증,"37.532860, 126.868717"
서울특별시,양천구,목동문고,02-2643-3070,"서울 양천구 목동서로 400 (신정동, 목동신시가지아파트10단지) A상가 지하층",인증,"37.532860, 126.868717"
서울특별시,양천구,목동서점,02-2643-3070,"서울 양천구 목동서로 400 (신정동, 목동신시가지아파트10단지) A동 101호",미인증,"37.498416, 126.866657"
서울특별시,서초구,목성서점,070-8833-7347,서울 서초구 주흥13길 13-1 (반포동) 202호,미인증,"37.509998, 127.105486"
서울특별시,동대문구,무아레서점,,서울 동대문구 천호대로89길 9 (장안동) 2층,미인증,"37.574059, 127.069282"
서울특별시,중구,문향서점,02-2274-5434,서울 중구 수표로2길 11 (충무로3가),미인증,"37.560532, 126.993619"
서울특별시,서대문구,문화문고,02-395-4097,서울 서대문구 간호대로 4 (홍제동)279-21,미인증,"37.586974, 126.941685"
서울특별시,마포구,문화살롱 초고,0507-1357-7579,서울 마포구 독막로2길 30 (합정동),미인증,"37.548965, 126.912872"
서울특별시,마포구,문화서점,02-789-3898,서울 마포구 성암로 267 (상암동) 1층,미인증,"37.577222, 126.898854"
서울특별시,노원구,문화플랫폼더숲,02-951-0206,서울 노원구 노해로 480 (상계동) 지하1층,미인증,"37.655285, 127.060673"
서울특별시,종로구,뭐든지 책방,02-766-3581,서울 종로구 창신길 119 (창신동) 1층,미인증,"37.572710, 127.012349"
서울특별시,송파구,미래서적,02-422-4442,서울 송파구 백제고분로18길 4 (잠실동) 105호 미래서적,미인증,"37.511760, 127.093273"
서울특별시,서대문구,미스터리 유니온,02-6080-7040,서울 서대문구 이화여대길 88-11 (대현동),미인증,"37.558992, 126.941876"
서울특별시,은평구,미하북스,02-355-1876,서울 은평구 증산로21길 10-1 (신사동),미인증,"37.602433, 126.908502"
서울특별시,도봉구,민영서점,02-955-7046,서울 도봉구 도봉로180나길 41 도봉한신아파트 한신쇼핑타운 3층 318호 (도봉동),미인증,"37.668334, 127.045359"
서울특별시,서초구,믿음문고,070-7776-3384,서울 서초구 양재천로 95-4 (양재동) 1층,미인증,"37.476822, 127.123162"
서울특별시,중랑구,바람길,02-434-6449,서울 중랑구 망우로 332 (상봉동),미인증,"37.592008, 126.923230"
서울특별시,금천구,반도서점,02-805-9839,서울 금천구 독산로 136 (시흥동) 1층,미인증,"37.477261, 126.896837"
서울특별시,관악구,밝은책방,02-2039-6511,서울 관악구 봉천로 540-1 (봉천동) 2층,미인증,"37.481237, 126.950269"
서울특별시,서대문구,밤의서점,,서울 서대문구 성산로 567-8 (대신동),미인증,"37.572924, 126.936178"
서울특별시,양천구,배광서점,02-2643-1020,서울 양천구 목동중앙남로 28 (목동),미인증,"37.520833, 126.876170"
서울특별시,종로구,배화우리서점문구,02-738-9184,서울 종로구 필운대로1길 31 (필운동),미인증,"37.594494, 126.960944"
서울특별시,서초구,백석대 구내서점,,서울 서초구 효령로26길 9-12 (방배동),미인증,"37.505084, 127.016692"
서울특별시,마포구,백호서점문구,02-716-8628,서울 마포구 광성로6안길 10 (신수동),인증,"37.604785, 127.042381"
서울특별시,강북구,번동문고,02-981-8425,서울 강북구 오현로 191 번동문고 (번동),인증,"37.562682, 126.905355"
서울특별시,마포구,번역가의 서재,010-8922-7421,서울 마포구 동교로17길 67 (서교동) 1층 101호,미인증,"37.547520, 127.040641"
서울특별시,관악구,법문서적,02-882-3333,서울 관악구 신림로23길 16 (신림동) 2층,미인증,"37.482487, 126.926870"
서울특별시,강서구,벧엘서점,02-2663-1678,서울 강서구 강서로47길 36 (내발산동),미인증,"37.560968, 126.826823"
서울특별시,서대문구,별별그림,070-4119-3654,"서울 서대문구 증가로6길 43 (홍은동, 해피리움) 1층 102호",미인증,"37.533067, 126.849947"
서울특별시,용산구,별책부록,070-4007-6690,서울 용산구 신흥로16길 7 (용산동2가) 1층,미인증,"37.604149, 126.931605"
서울특별시,서대문구,보문서점,02-362-1719,서울 서대문구 통일로 161-5 (냉천동),미인증,"37.536356, 126.945980"
서울특별시,강동구,보성서점,02-483-1477,서울 강동구 양재대로89길 28 (성내동),미인증,"37.562938, 126.947381"
서울특별시,종로구,보안책방,02-720-8409,서울 종로구 효자로 33 (통의동) 2층,미인증,"37.570936, 126.981434"
서울특별시,금천구,본동서적,02-893-0158,서울 금천구 금하로 631-7 (시흥동),미인증,"37.446368, 126.908796"
서울특별시,강동구,봄서점,02-477-8200,서울 강동구 양재대로 1341 지하1 (성내동),인증,"37.534095, 127.135009"
서울특별시,성북구,부비프,010-6312-7663,서울 성북구 보문로30가길 31 (동선동2가) 1층,미인증,"37.591184, 127.017396"
서울특별시,강동구,북데이423,02-442-5581,서울 강동구 고덕로 266 (명일동) 대명벨리온 지하1층 북데이423,미인증,"37.552914, 127.145935"
서울특별시,강북구,북모아,02-903-8833,"서울 강북구 인수봉로55가길 5 (수유동, 대승빌리지) 101호",미인증,"37.642121, 127.022109"
서울특별시,종로구,북바이북 광화문점,02-725-0416,서울 종로구 새문안로5길 19 (당주동),미인증,"37.572973, 126.972464"
서울특별시,노원구,북뱅크,02-2091-0304,서울 노원구 한글비석로 242 (중계동) 삼부프라자 지하1층,미인증,"37.649437, 127.061174"
서울특별시,종로구,북살롱 텍스트북,02-722-0934,서울 종로구 사직로9길 22 (필운동) 2층,미인증,"37.573415, 126.968187"
서울특별시,마포구,북스토어17,010-9005-1298,서울 마포구 독막로5길 33 (서교동) 1층,미인증,"37.551849, 126.921772"
서울특별시,마포구,북스피리언스,02-324-2399,서울 마포구 연남로11길 34 (연남동) 지하1층,미인증,"37.562472, 126.924498"
서울특별시,성북구,북악서점,02-942-0649,서울 성북구 정릉로 159 (정릉동),미인증,"37.607876, 127.012458"
서울특별시,강서구,북오피스,02-2242-6460,서울 강서구 공항대로48길 47 예성1층101호 (화곡동),미인증,"37.530532, 126.861567"
서울특별시,종로구,북커스,02-394-4588,서울 종로구 평창30길 10 (평창동) 2층,미인증,"37.610739, 126.962861"
서울특별시,마포구,북티크,02-6084-1123,서울 마포구 양화로 107 (서교동) 1층,미인증,"37.556642, 126.923830"
서울특별시,강서구,북파크,02-851-9721,"서울 강서구 가로공원로 236-11 (화곡동, 오메가타운) 202호",미인증,"37.537963, 126.858290"
서울특별시,마포구,비건책방 서울,010-2512-0423,서울 서대문구 가재울로2안길 29-14 (남가좌동) 1층,미인증,"37.575774, 126.910041"
서울특별시,구로구,비씨지북스,070-8715-8411,서울 구로구 경인로25길 31 (오류동) 2층,미인증,"37.489566, 126.825487"
서울특별시,구로구,비씨지북스,070-8715-8411,서울 구로구 경인로25길 31 (오류동)2층,미인증,"37.497333, 126.855317"
서울특별시,종로구,비화림,010-4507-4813,서울 종로구 창덕궁길 153 (계동),미인증,"37.581646, 126.987482"
서울특별시,중랑구,사가정문고,02-493-9544,서울 중랑구 사가정로 398 (면목동),미인증,"37.579000, 127.088889"
서울특별시,용산구,사눅책방,0507-1421-6687,서울 용산구 두텁바위로 94-1 (후암동) 1층,미인증,"37.546091, 126.980861"
서울특별시,마포구,사슴책방,010-2727-8076,서울 마포구 성미산로13길 110 (성산동),미인증,"37.561720, 126.914351"
서울특별시,도봉구,사유의 사유,070-7799-0794,서울 도봉구 방학로3길 12 (방학동),미인증,"37.663105, 127.040439"
서울특별시,종로구,사이에,0507-1415-5630,서울 종로구 북촌로 125-6 (삼청동),미인증,"37.583100, 126.977525"
서울특별시,강남구,사이책방,070-8807-2005,서울 강남구 강남대로126길 74 (논현동),미인증,"37.507290, 127.026682"
서울특별시,종로구,사진책방 고래,02-720-7274,서울 종로구 자하문로 106 (청운동),미인증,"37.579054, 126.973114"
서울특별시,마포구,산책자,070-8658-2141,서울 마포구 성지길 36 (합정동) 3층,미인증,"37.550940, 126.910032"
서울특별시,관악구,살롱드북,070-4007-2466,서울 관악구 남부순환로231길 11 (봉천동),미인증,"37.545554, 127.144544"
서울특별시,강동구,삼환서점,02-3428-1582,서울 강동구 구천면로 427 (명일동) 삼환서점,미인증,"37.655878, 127.060034"
서울특별시,노원구,상계문고,02-931-9453,"서울 노원구 동일로 1361 (상계동, 상계주공2단지아파트)",미인증,"37.654355, 127.066740"
서울특별시,마포구,상암누리문고,02-332-2689,서울 마포구 월드컵북로 396 (상암동)누리꿈스퀘어 B1 1093호,인증,"37.527489, 126.897624"
서울특별시,영등포구,새고서림,010-2957-2123,서울 영등포구 영신로39길 8-1 (당산동1가) 201호,미인증,"37.519745, 126.905224"
서울특별시,양천구,새벽감성1집,0507-1365-1209,"서울 양천구 월정로50길 16-8 (신월동, 다하임) 1층",미인증,"37.520818, 126.831952"
서울특별시,강남구,샘서림,02-578-1041,서울 강남구 개포로 218 (개포동),미인증,"37.488349, 127.055121"
서울특별시,관악구,생각의주인,070-7604-7104,서울 관악구 솔밭로7길 17 (봉천동),미인증,"37.462249, 126.951816"
서울특별시,성북구,서경대학교 구내서점,02-919-2583,서울 성북구 서경로 124 (정릉동) 청운관 2층,미인증,"37.612202, 127.073876"
서울특별시,종로구,서련,02-1111-1111,서울 강남구 봉은사로 524 (삼성동),미인증,"37.645187, 127.055987"
서울특별시,노원구,서울과학기술대학교 서점,02-970-6916,서울 노원구 공릉로 232 (공릉동),미인증,"37.656718, 127.058429"
서울특별시,종로구,서울셀렉션,02-734-9564,서울 종로구 삼청로 6 (사간동) 지하1층,미인증,"37.617916, 127.080689"
서울특별시,동대문구,서울시립대학교 구내서점,02-2241-7335,서울 동대문구 서울시립대로 163 (전농동),미인증,"37.628887, 127.090007"
서울특별시,노원구,서울여대구내서점,02-975-7419,서울 노원구 화랑로 621 (공릉동),미인증,"37.608347, 127.000148"
서울특별시,서대문구,서울의시간을그리다,070-4114-6711,서울 서대문구 독립문로 31-6 (옥천동),미인증,"37.560992, 126.993768"
서울특별시,중구,서울책방,02-739-7033,서울 중구 세종대로 110 (태평로1가) 지하 1층,미인증,"37.613156, 127.089263"
서울특별시,중랑구,서일서적,02-491-0443,서울 중랑구 용마산로86길 15 (면목동),미인증,"37.567855, 126.959081"
서울특별시,강남구,서적백화점,02-577-9876,서울 강남구 선릉로 42 (개포동) 지하1층,미인증,"37.560845, 127.004512"
서울특별시,마포구,서점 리스본,070-4233-3905,서울 마포구 성미산로23길 60 (연남동),미인증,"37.566234, 127.009019"
서울특별시,마포구,서점극장 라블레,02-6368-1578,서울 마포구 백범로25길 5 (염리동) 1층,미인증,"37.543938, 126.932834"
서울특별시,광진구,서점로티,,"서울 광진구 용마산로 88-7 (중곡동, 더블유 루미너스) 1층",미인증,"37.536276, 127.087413"
서울특별시,서대문구,서점마므레,010-2557-8673,서울 서대문구 명지대길 10 (홍은동) 2층,미인증,"37.591964, 126.944134"
서울특별시,서초구,서초서적,02-583-4389,서울 서초구 서초동 1486-7 서울특별시 서초구 효령로224,미인증,"37.492430, 127.027656"
서울특별시,종로구,서촌 그 책방,,서울 종로구 자하문로5가길 30-1 (체부동),미인증,"37.578858, 126.967969"
서울특별시,노원구,석계문고,02-949-6148,서울 노원구 화랑로 349 (월계동),미인증,"37.654038, 127.062325"
서울특별시,강남구,선경문고,02-563-5111,서울 강남구 삼성로 311 (대치동) 지하 1층,미인증,"37.498815, 127.055264"
서울특별시,금천구,선서적,02-869-4027,서울 금천구 독산로74길 6 (독산동),미인증,"37.469556, 126.908754"
서울특별시,구로구,성공회대 구내서점문구,02-2619-8244,서울 구로구 연동로 320 (항동),미인증,"37.489813, 126.869079"
서울특별시,성북구,성신여대 구내서점,02-920-7390,서울 성북구 보문로34다길 2 (돈암동),미인증,"37.588230, 127.020450"
서울특별시,송파구,세륜서점,02-415-2232,서울 송파구 오금로31길 13 (방이동),미인증,"37.510763, 127.049295"
서울특별시,송파구,세신서적,02-402-4237,서울 송파구 양산로 14 (거여동)세신종합상가 113호,인증,"37.541331, 127.072476"
서울특별시,광진구,세종대학교 구내서점,02-3408-3384,서울 광진구 능동로 209 (군자동),미인증,"37.550363, 127.005426"
서울특별시,서초구,세화서점,02-599-3616,서울 서초구 신반포로 100 (반포동) 비층 09호,미인증,"37.501891, 127.001054"
서울특별시,서초구,셰입오브타임,02-372-8875,서울 서초구 양재천로7길 1 (양재동) 지층,미인증,"37.480627, 127.041232"
서울특별시,서대문구,소나기 그림책방,010-7664-7454,서울 서대문구 독립문로 32 (천연동) 101호 (2층),미인증,"37.489931, 126.956373"
서울특별시,성북구,소리북스,02-736-9701,서울 성북구 성북로13길 2 (성북동) 2층,미인증,"37.598720, 127.017121"
서울특별시,중구,소수책방,010-8915-2439,서울 중구 다산로20길 26 (신당동)2층,미인증,"37.588825, 127.008888"
서울특별시,중구,소요서가,02-2272-1517,서울 중구 청계천로 160 (산림동) 청계세운상가 바열 309호,미인증,"37.501086, 127.023691"
서울특별시,동작구,솔로몬 서점,02-596-5225,서울 동작구 사당로 143 (사당동) 신관지하1층,미인증,"37.510794, 127.032144"
서울특별시,성동구,송정북스,010-3462-7846,서울 성동구 송정동 73-799 B01호,미인증,"37.507179, 126.969454"
서울특별시,송파구,송파문고,02-416-4837,서울 송파구 송파대로37길 70 (석촌동) 지하1,인증,"37.505001, 127.118028"
서울특별시,광진구,수도서림,02-454-1062,서울 광진구 용마산로22길 9 (중곡동),미인증,"37.499949, 127.121250"
서울특별시,마포구,수수책방,0507-1341-3625,서울 마포구 토정로 8-7 (합정동) 1층,미인증,"37.510379, 127.105611"
서울특별시,강북구,수수한 책방,010-6363-6994,서울 강북구 솔매로50길 81 (미아동),미인증,"37.501703, 127.133215"
서울특별시,용산구,숙명도서,02-717-9139,서울 용산구 청파로47길 88 (청파동2가),미인증,"37.542569, 127.079995"
서울특별시,강동구,순정책방,070-4062-8202,서울 강동구 동남로65길 15-5 (명일동),미인증,"37.558892, 127.019207"
서울특별시,중구,순화동천,02-772-9001,"서울 중구 서소문로9길 28 (순화동, 덕수궁롯데캐슬)",미인증,"37.636469, 127.023652"
서울특별시,동대문구,숭문문고,02-3273-9724~5,서울 동대문구 장안벚꽃로 267 (휘경동) 금산빌딩 2층 201호,미인증,"37.627389, 127.056900"
서울특별시,은평구,숭실서적,02-374-8917,서울 은평구 은평터널로7길 17-2 (신사동),미인증,"37.625879, 127.028300"
서울특별시,마포구,스캐터북스,010-3175-5551,서울 마포구 월드컵로11길 44 (망원동) 102호 코너상가,미인증,"37.555183, 126.906402"
서울특별시,동작구,스쿨서점,02-816-4498,서울 동작구 대방동길 71 (대방동) 376-5,인증,"37.500727, 126.923876"
서울특별시,종로구,스타더스트,010-3088-7502,서울 종로구 새문안로5길 5-7 (당주동) 3층,미인증,"37.571306, 126.972280"
서울특별시,용산구,스토리지북앤필름,070-5103-9975,서울 용산구 신흥로 115-1 (용산동2가),미인증,"37.544797, 126.965714"
서울특별시,용산구,스토리지북앤필름 로터리점,010-3033-9975,서울 용산구 신흥로36길 5 (후암동) 1층,미인증,"37.551996, 126.976164"
서울특별시,중구,스틸북스 회현,,서울 중구 퇴계로4길 2 (남창동),미인증,"37.561231, 126.980665"
서울특별시,중구,스페인책방,010-9460-7694,서울 중구 퇴계로36길 29 (필동2가),미인증,"37.561528, 126.997352"
서울특별시,마포구,스프링플레어,070-7167-1846,서울 마포구 동교로27길 53 (연남동),미인증,"37.563686, 126.919963"
서울특별시,종로구,승진서점,0507-1431-1112,서울 종로구 사직로 130 (적선동),미인증,"37.577347, 126.969607"
서울특별시,양천구,시인서점,02-2601-4798,서울 양천구 오목로 41 1층 2호,미인증,"37.518562, 126.866553"
서울특별시,성북구,시절인연,0507-1362-9079,서울 성북구 보국문로16가길 43-20 (정릉동),미인증,"37.603691, 127.006070"
서울특별시,중랑구,신공손문고,02-3421-1662,서울 중랑구 봉화산로 194 (신내동),미인증,"37.515987, 127.085710"
서울특별시,영등포구,신동아문고,02-836-1608,서울 영등포구 영등포로 382-1 (신길동),미인증,"37.515160, 126.905237"
서울특별시,양천구,신목서점,02-2647-7216,"서울 양천구 목동동로 130 (신정동, 목동신시가지아파트14단지)",인증,"37.520967, 126.872680"
서울특별시,종로구,신성서림,02-2265-9579,서울 종로구 종로40길 6 (종로6가) 덕성빌딩 A 8호,미인증,"37.571708, 126.981678"
서울특별시,종로구,신협서점,02-2274-2069,서울 종로구 종로 258 덕성빌딩 내 A20호 (종로6가),미인증,"37.571383, 126.998610"
서울특별시,강남구,심지전문서적,02-512-1788,서울 강남구 논현로 723 (논현동),미인증,"37.503560, 127.027445"
서울특별시,양천구,쌈북서점,02-2643-9319,서울 양천구 목동서로 277 108호(쌈북서점) (신정동),인증,"37.523883, 126.866383"
서울특별시,도봉구,쌍문문고,02-996-0559,서울 도봉구 도봉로 482 (창동),인증,"37.655859, 127.035650"
서울특별시,도봉구,쓸모의 발견,010-9892-4283,서울 도봉구 우이천로42길 37 (쌍문동) 1층 A00호,미인증,"37.645299, 127.031802"
서울특별시,강동구,아운트,02-3144-1801,서울 강동구 양재대로126길 54 (길동) 101호,미인증,"37.548353, 126.831747"
서울특별시,마포구,아인서점,070-8667-0033,서울 마포구 월드컵로3길 31-30 (합정동) 3층,미인증,"37.550901, 126.912450"
서울특별시,마포구,아직 독립 못 한 책방,02-704-4516,서울 마포구 마포대로 190 (공덕동) 푸른약국 내,미인증,"37.570779, 126.909166"
서울특별시,마포구,아침달,0507-1317-5238,서울 마포구 성미산로 153-16 (연남동) 2층,미인증,"37.573439, 126.918005"
서울특별시,용산구,아크앤북 이태원점,0507-1354-2787,서울 용산구 장문로 23 (이태원동) 지하 1층,미인증,"37.565791, 126.934610"
서울특별시,강서구,악어책방,010-3022-3017,"서울 강서구 강서로45다길 30-27 (화곡동, 초록아파트) 상가 102호",미인증,"37.494212, 126.832252"
서울특별시,마포구,안도북스,010-9156-5437,서울 마포구 월드컵북로6길 87 (연남동) 2층 201호,미인증,"37.567708, 126.952784"
서울특별시,서대문구,알아가는 책가게,010-9301-6128,서울 서대문구 홍연길 26 (연희동) 지하1층,미인증,"37.561224, 126.965164"
서울특별시,강동구,알지문구서적,02-481-2143,서울 강동구 고덕로 87 (암사동)446-19,미인증,"37.601926, 126.927866"
서울특별시,은평구,알키미스타 북스,02-2345-0000,서울 은평구 응암로9길 24 (응암동) 1층,미인증,"37.626691, 126.918264"
서울특별시,성동구,양지서점,02-2234-2693,서울 성동구 금호로 168-2 (금호동1가) 지하 1층,미인증,"37.540774, 127.013408"
서울특별시,관악구,양지서점,02-884-5495,서울 관악구 인헌6길 24 (봉천동),미인증,"37.632357, 127.027826"
서울특별시,양천구,양천문구서적(양천문고),02-2601-5554,서울 양천구 신월로 274 (신정동) 욱성빌딩,미인증,"37.595762, 126.925867"
서울특별시,동작구,양현책세상,02-812-9070,서울 동작구 노량진로14길 9 (노량진동),미인증,"37.562986, 126.910865"
서울특별시,종로구,어쩌다 산책,02-747-7147,서울 종로구 동숭길 101 (동숭동) 지하 1층,미인증,"37.504464, 126.936369"
서울특별시,마포구,어쩌다책방,070-5121-5629,서울 마포구 망원동 57-194,미인증,"37.518091, 126.907299"
서울특별시,노원구,언희서재,02-931-0327,서울 노원구 중계로18길 13 (중계동) 지하1층,미인증,"37.644401, 127.071778"
서울특별시,양천구,에덴서점,02-2605-8598,서울 양천구 오목로 203 지층 에덴서점 (신정동),미인증,"37.520587, 126.860648"
서울특별시,광진구,에스엠북(SMBook),070-8704-7282,서울 광진구 강변역로4길 68 리젠트오피스 912호 (구의동),미인증,"37.536742, 127.091096"
서울특별시,동작구,에이포서점,02-821-0158,서울 동작구 만양로8길 68 (노량진동),미인증,"37.510766, 126.940771"
서울특별시,관악구,엠프티폴더스,031-214-0749,서울 관악구 행운1길 70 (봉천동) 1호,미인증,"37.479167, 126.955329"
서울특별시,중구,여기서울149쪽,0507-1456-0192,서울 중구 서소문로6길 33 (중림동),미인증,"37.561511, 126.968017"
서울특별시,은평구,연신내문고,02-352-7600,서울 은평구 통일로 861 (갈현동) 지하1층,미인증,"37.605692, 126.927009"
서울특별시,서초구,연희서적,02-595-9773,서울 서초구 서초중앙로24길 43 유원아파트상가 113호 연희서적,미인증,"37.486093, 127.016707"
서울특별시,양천구,열두달책방,010-2242-5161,서울 양천구 월정로36길 8 (신월동) 1층 1호,미인증,"37.534269, 126.828186"
서울특별시,구로구,열린문고,02-2619-9724,서울 구로구 경인로47다길 4 (고척동),미인증,"37.503837, 126.858831"
서울특별시,중랑구,열린문고,02-977-9313,서울 중랑구 공릉로2가길 6 (묵동) 1층,미인증,"37.613143, 127.080476"
서울특별시,강서구,영일서점,02-2651-1893,서울 강서구 등촌로39길 7 104호 (등촌동),인증,"37.509844, 127.104779"
서울특별시,송파구,영파문고,02-474-3700,서울 송파구 올림픽로 575 (풍납동),미인증,"37.502702, 127.108494"
서울특별시,강동구,영파문고,02-474-3700,서울 송파구 올림픽로 575 (풍납동),미인증,"37.502702, 127.108494"
서울특별시,강남구,예나서점,02-561-1214,"서울 강남구 삼성로 151 (대치동, 선경아파트)",미인증,"37.500678, 127.060682"
서울특별시,강서구,예림문고,02-2644-9182,서울 강서구 곰달래로 227 (화곡동),미인증,"37.561299, 126.840895"
서울특별시,서대문구,예스서점(별책방),,서울 서대문구 거북골로20길 71 (북가좌동),미인증,"37.582610, 126.934186"
서울특별시,도봉구,예일문고,02-995-5206,서울 도봉구 노해로67길 2 (창동) 한국빌딩 지하1층,미인증,"37.578200, 126.929904"
서울특별시,마포구,옛따책방,010-6296-5186,서울 마포구 와우산로37길 35 (동교동) 경의선책거리 인문산책,미인증,"37.574111, 126.980527"
서울특별시,종로구,오에프알,02-722-9357,서울 종로구 자하문로12길 11-14 (창성동) 1층,미인증,"37.577622, 126.924581"
서울특별시,마포구,오케이어 맨션,070-7700-1157,"서울 마포구 와우산로11길 9-7 (상수동, 상수라이크) 2층",미인증,"37.554787, 126.920898"
서울특별시,마포구,오키로북스,010-5619-5950,서울 마포구 토정로4길 14 (합정동) 1층~3층,미인증,"37.553155, 126.914083"
서울특별시,성동구,옥수서재,010-5473-3012,서울 성동구 한림말1길 16-1 (옥수동) 지층,미인증,"37.547437, 126.918315"
서울특별시,마포구,온고당서점,02-332-9313,서울 마포구 와우산로 105 (서교동),미인증,"37.548210, 126.917998"
서울특별시,금천구,올오어낫싱,02-867-7595,서울 금천구 시흥대로 315 (독산동) 마르쉐도르 960 2층 206호,미인증,"37.541576, 127.021398"
서울특별시,용산구,와룡서적,02-798-0577,서울 용산구 장문로 97 (보광동),미인증,"37.548739, 126.949353"
서울특별시,송파구,요즘서재,010-8408-1637,서울 송파구 오금동 70-9 103호,미인증,"37.535166, 126.970509"
서울특별시,강남구,우리서점,02-3411-3215,서울 강남구 개포로82길 13-15 (개포동) 202호,미인증,"37.557417, 126.926975"
서울특별시,서초구,우면한솔서점,02-529-5949,서울 서초구 태봉로 70 우면프라자1차 지하1층 (우면동),인증,"37.514062, 127.041259"
서울특별시,금천구,원테이블,02-896-0512,서울 금천구 독산로8길 14 (시흥동)1층 )안채),미인증,"37.514062, 127.041259"
서울특별시,강남구,월드메거진,02-529-6922,서울 강남구 논현로149길 75 (논현동),미인증,"37.505466, 127.025651"
서울특별시,성북구,월드문고,02-925-4885,서울 성북구 동소문로 59 (동소문동4가) 지하,미인증,"37.555621, 127.015128"
서울특별시,양천구,월촌문고,02-2647-4144,서울 양천구 목동서로 35 (목동) 목동프라자 지하1층,미인증,"37.590030, 127.011630"
서울특별시,종로구,위트앤시니컬,0507-1409-6015,서울 종로구 창경궁로 271-1 (혜화동) 2층,미인증,"37.587141, 127.001246"
서울특별시,서대문구,유어마인드,070-8821-8990,서울 서대문구 연희로11라길 10-6 (연희동) 2층 우측,미인증,"37.568480, 126.934976"
서울특별시,종로구,유한서적,02-2279-5936,서울 종로구 지봉로 84 2층(숭인동),인증,"37.576470, 127.018296"
서울특별시,강남구,은마서적(유),02-562-7660,서울 강남구 삼성로 212 (대치동) 은마상가 비동 242호,미인증,"37.503400, 127.056489"
서울특별시,은평구,은평문고,02-308-5859,서울 은평구 응암로 200 (응암동)2층,미인증,"37.599515, 126.922341"
서울특별시,동작구,이그잼플러스,02-823-2223,서울 동작구 노량진로14가길 16 (노량진동) 신전빌딩 2층,인증,"37.512975, 126.939216"
서울특별시,관악구,이나영책방,010-4741-4402,서울 관악구 신사로 66-1 (신림동) 3층,미인증,"37.480766, 126.931193"
서울특별시,서초구,이나이테,02-595-5158,서울 서초구 효령로5길 26-4 (방배동) 1층,미인증,"37.484758, 126.993014"
서울특별시,용산구,이너서핑,010-5413-9774,서울 용산구 소월로20길 28 (용산동2가) 1층,미인증,"37.539893, 126.966951"
서울특별시,종로구,이라선,0507-1413-0908,서울 종로구 효자로7길 5 (통의동) 1층,미인증,"37.579674, 126.994842"
서울특별시,마포구,이루리북스,070-7715-1027,서울 마포구 독막로 320 (도화동) 지하 105호,미인증,"37.543557, 126.929136"
서울특별시,동대문구,이문일공칠,02-2173-2212,서울 동대문구 이문로 107 (이문동) 한국외대 교수회관 1층,미인증,"37.556895, 127.063948"
서울특별시,마포구,이올시다,010-7665-2230,서울 마포구 포은로 146 (망원동) 1층,미인증,"37.555406, 126.908687"
서울특별시,마포구,이후북스,010-4448-7991,서울 마포구 망원로4길 24 (망원동) 2층,미인증,"37.559442, 126.908297"
서울특별시,구로구,인공위성,070-4642-0255,서울 구로구 구로중앙로27가길 32 (구로동),미인증,"37.497054, 126.882992"
서울특별시,광진구,인덱스숍,02-2122-1259,서울 광진구 아차산로 200 (자양동),미인증,"37.538229, 127.084035"
서울특별시,성동구,인생책방,010-3175-0767,서울 성동구 한림말3길 28 (옥수동),미인증,"37.543665, 127.019895"
서울특별시,서대문구,인스크립트,010-2633-1938,서울 서대문구 증가로 49-1 (연희동)1층,미인증,"37.524072, 126.900833"
서울특별시,영등포구,일단불온,010-5095-1802,서울 영등포구 당산로18길 16-1 (당산동1가) 1층,미인증,"37.517574, 126.903235"
서울특별시,관악구,일등서점,070-4151-3007,서울 관악구 신림로 131 (신림동) B1,미인증,"37.476948, 126.931409"
서울특별시,강서구,일산서점,02-3663-8070,서울 강서구 양천로77길 13 (염창동) 201호(블리스 엔터테인먼트가수 장윤정),미인증,"37.560693, 127.050797"
서울특별시,중구,일신서적,02-776-8043,서울 중구 남대문로 64 (명동2가),미인증,"37.501965, 127.151499"
서울특별시,송파구,일신서점,02-419-9184,서울 송파구 송파대로38길 2-9 (송파동) 110호,인증,"37.514725, 127.109362"
서울특별시,종로구,자각몽,0507-1314-5152,서울 종로구 창경궁로 297-2 (혜화동),미인증,"37.582115, 126.999165"
서울특별시,광진구,자매서점,02-457-3078,서울 광진구 용마산로22길 19 (중곡동),미인증,"37.587270, 126.998494"
서울특별시,마포구,작업책방 씀,010-9471-6818,"서울 마포구 월드컵로13길 19-17 (망원동, 하나빌) 1층",미인증,"37.609849, 127.000554"
서울특별시,송파구,장미문고,02-423-0872,서울 송파구 올림픽로35길 112 (신천동)장미종합상가 B동 1층 150호,인증,"37.612072, 126.992244"
서울특별시,동대문구,장안 현대문고,02-3394-5330,서울 동대문구 장안동 337-19 극동빌딩지하1층,미인증,"37.571232, 127.067142"
서울특별시,동대문구,전농서적,02-2245-2248,서울 동대문구 사가정로 119 (전농동),미인증,"37.602576, 127.052773"
서울특별시,마포구,정다운문고,02-703-2666,서울 마포구 백범로 123 (염리동) 지하1층,미인증,"37.589314, 127.061953"
서울특별시,종로구,정용서점,02-2266-7772,서울 종로구 율곡로22길 20 (충신동) 1층,미인증,"37.571227, 126.967248"
서울특별시,종로구,정은도서 종로점,02-2273-8261,서울 종로구 창경궁로12길 8 (예지동) 1층 57호,미인증,"37.570235, 126.985932"
서울특별시,도봉구,정의문고,02-907-4775,"서울 도봉구 노해로49길 69-4 1층 상가우측 (쌍문동, 동원웰메이드빌)",미인증,"37.611287, 126.991150"
서울특별시,마포구,정치발전소,02-6384-3225,서울 마포구 독막로7길 8 (합정동) 2층,미인증,"37.571070, 126.981229"
서울특별시,종로구,제일서적,02-2279-7236,서울 종로구 종로 258 (종로6가) 대학천상가 A-1호,미인증,"37.608800, 127.002126"
서울특별시,동작구,제일서점,02-822-3191,서울 동작구 노량진로16길 30 (노량진동),미인증,"37.509262, 126.944027"
서울특별시,마포구,조은이책,070-7617-6949,서울 마포구 월드컵북로27길 6 (성산동),미인증,"37.558548, 126.910391"
서울특별시,종로구,조이엔영,010-8908-9819,서울 종로구 종로 183 (인의동)효성주얼리시티 지하2층 S2016 책방 조이엔영,미인증,"37.574531, 126.981325"
서울특별시,강서구,종로문고(화곡),02-2608-4780,서울 강서구 강서로45길 39 (화곡동) 지층,인증,"37.538168, 126.839253"
서울특별시,종로구,종로서적 본점,02-739-2331,서울 종로구 종로 51 (종로2가) 지하 2층,미인증,"37.570623, 126.983104"
서울특별시,성북구,종암문고,02-915-6427,서울 성북구 종암로 86 2층 (종암동) 종암문고,미인증,"37.597497, 127.032994"
서울특별시,마포구,종이잡지클럽,010-6550-9833,서울 마포구 양화로8길 32-15 (서교동) 지하1층,미인증,"37.552653, 126.919789"
서울특별시,도봉구,종일서적,02-907-3924,서울 도봉구 도봉로 551 (쌍문동) 경덕빌딩 3층,미인증,"37.650207, 127.030981"
서울특별시,종로구,종합서적,02-2278-0939,서울 종로구 종로 258 (종로6가) 종로6가 267 덕성빌딩 A-5호,미인증,"37.571441, 126.998795"
서울특별시,관악구,좋은책서점,02-866-7474,서울 관악구 난곡로 184 (신림동)대원빌딩 2층,미인증,"37.477579, 126.938501"
서울특별시,광진구,중곡서점,02-466-6235,서울 광진구 능동로49길 40 (중곡동),인증,"37.565800, 127.080368"
서울특별시,동작구,중앙대학교구내서점,02-881-7396,서울 동작구 흑석로 84 (흑석동) 102관 지하 1층,미인증,"37.506468, 126.957472"
서울특별시,서대문구,중앙서점,02-365-6998,서울 서대문구 북아현로11길 8 (북아현동),미인증,"37.556952, 126.945570"
서울특별시,중랑구,중화문고,02-435-2400,서울 중랑구 동일로 769 (중화동),인증,"37.601029, 127.080237"
서울특별시,노원구,지구불시착,010-5122-3532,서울 노원구 화랑로 449-7 (공릉동),미인증,"37.626210, 127.074059"
서울특별시,동작구,지금의 세상,010-7610-7121,서울 동작구 동작대로3길 41 (사당동),미인증,"37.487725, 126.982735"
서울특별시,성북구,지식을담다,02-927-8044,서울 성북구 고려대로24가길 17 (안암동5가),미인증,"37.586919, 127.019661"
서울특별시,종로구,직매도서,02-2273-1331,서울 종로구 종로 258 (종로6가) 대학천상가,미인증,"37.571453, 126.998760"
서울특별시,마포구,진부책방스튜디오,070-5142-1600,서울 마포구 동교로25길 70 (연남동),미인증,"37.563692, 126.922996"
서울특별시,서초구,진영문고,02-3471-1997,서울 서초구 방배로 60 (방배동),미인증,"37.490049, 126.987329"
서울특별시,양천구,진학서점,02-2692-0481,서울 양천구 목동로 177 (신정동) 정동프라자 101호,미인증,"37.516839, 126.870742"
서울특별시,성동구,차일드북앤토이,02-2294-5752,서울 성동구 무학봉길 62-2 (하왕십리동),미인증,"37.560244, 127.027594"
서울특별시,강북구,창문서점,02-982-4943,서울 강북구 월계로 55 (미아동) 1층,미인증,"37.617389, 127.029522"
서울특별시,강동구,채플린서점,02-428-0779,서울 강동구 천호대로219길 64 (상일동),인증,"37.538684, 127.135650"
서울특별시,도봉구,책가도,,"서울 도봉구 마들로11가길 6-25 (창동, 월가타워) 7층",미인증,"37.656973, 127.047693"
서울특별시,도봉구,책가도,507-1474-1386,서울 도봉구 해등로 109 (창동) 창동주공1단지 상가 211호,미인증,"37.656600, 127.043868"
서울특별시,강남구,책과얽힘,02-542-9383,서울 강남구 선릉로133길 15 (논현동) 1층 101호,미인증,"37.505742, 127.027916"
서울특별시,영등포구,책마을서점,02-844-8086,"서울 영등포구 여의대방로 25 (신길동, 보라매 경남아너스빌)1층상가 113호",인증,"37.517850, 126.923810"
서울특별시,마포구,책바,02-6449-5858,서울 마포구 포은로 90 (망원동) 301호,미인증,"37.557730, 126.903546"
서울특별시,종로구,책방 79-1,,서울 종로구 자하문로11길 21-3 (통인동) 지하1층,미인증,"37.577453, 126.964159"
서울특별시,마포구,책방 곱셈,02-336-8063,서울 마포구 성미산로29길 33 (연남동) 1층,미인증,"37.563717, 126.921051"
서울특별시,마포구,책방 그리고,0502-1932-0638,서울 마포구 성미산로29길 30-3 (연남동) 1층 2호,미인증,"37.563657, 126.920616"
서울특별시,송파구,책방 무엇보다,0507-1398-1880,서울 송파구 백제고분로45길 30 (송파동) 3층 305호,미인증,"37.509012, 127.109703"
서울특별시,노원구,책방 봄,02-931-5601,서울 노원구 상계로3길 38-8 (상계동),미인증,"37.655145, 127.066056"
서울특별시,마포구,책방 사춘기,010-9844-9992,서울 마포구 월드컵북로9길 30 (성산동),미인증,"37.557401, 126.901149"
서울특별시,마포구,책방 연희,010-8411-5501,서울 마포구 와우산로35길 3 (서교동),미인증,"37.556562, 126.922235"
서울특별시,용산구,책방 죄책감,010-9333-1159,서울 용산구 청파로47길 8 (청파동3가) 2층,미인증,"37.555614, 126.966279"
서울특별시,구로구,책방공책,050-5929-1076,"서울 구로구 연동로 287 (항동, 그린빌라) 상가 2층",미인증,"37.534784, 126.882587"
서울특별시,은평구,책방난달,010-4933-5905,서울 은평구 갈현로19길 10 (갈현동) 1층 정면좌측,미인증,"37.606696, 126.919272"
서울특별시,마포구,책방밀물,010-7927-9334,서울 마포구 성미산로15길 37 (성산동) 1층,미인증,"37.639259, 126.920491"
서울특별시,마포구,책방서로,010-9032-1233,서울 마포구 연남로11길 46 (성산동),미인증,"37.603401, 127.032644"
서울특별시,은평구,책방시나브로,010-9384-1070,서울 은평구 응암로25길 11-1 (응암동) 1층,미인증,"37.566089, 127.004524"
서울특별시,관악구,책방여여,,서울 관악구 인헌3길 28 (봉천동) 1층,미인증,"37.618626, 126.920980"
서울특별시,종로구,책방오늘,02-733-7077,서울 종로구 자하문로6길 11 (통의동) 1호,미인증,"37.591285, 127.014957"
서울특별시,광진구,책방자늑,010-3273-0524,서울 광진구 능동로36길 60 (능동) 1층 102호,미인증,"37.597569, 127.022288"
서울특별시,마포구,책방초록귤,010-4244-1895,서울 마포구 서강로11길 15 (창전동) 102호,미인증,"37.536863, 127.071740"
서울특별시,성북구,책보냥,010-5417-9814,서울 성북구 성북로10가길 21 (성북동),미인증,"37.576874, 127.087324"
서울특별시,성북구,책의기분,0507-1333-0299,서울 성북구 돌곶이로9길 5-19 (석관동) 1층,미인증,"37.579828, 126.943726"
서울특별시,관악구,책이는당나귀,010-9075-9438,서울 관악구 당곡6길 6 (봉천동),미인증,"37.608746, 127.057660"
서울특별시,마포구,책익다,010-4635-0315,서울 마포구 와우산로29마길 10-3 (서교동) 2층,미인증,"37.611722, 127.053050"
서울특별시,노원구,책인감,010-3207-7286,서울 노원구 동일로182길 63-1 (공릉동) 2층,미인증,"37.618001, 127.041272"
서울특별시,마포구,책크인,010-2861-8701,서울 마포구 성미산로29안길 29 (연남동) 2층,미인증,"37.639748, 127.081234"
서울특별시,강서구,첫페이지,070-7727-3001,서울 강서구 양천로 470 (등촌동) 상가 지하 113호,미인증,"37.601648, 126.936813"
서울특별시,서대문구,초방책방,02-392-0277,서울 서대문구 연대동문길 63 (대신동),미인증,"37.540445, 127.056007"
서울특별시,광진구,초원서점,02-453-4570,서울 광진구 자양동 679-1,미인증,"37.556852, 126.930375"
서울특별시,서대문구,초콜릿책방,02-332-7573,서울 서대문구 연희로5길 46-11 (연희동),미인증,"37.552107, 126.930492"
서울특별시,동작구,총신대 구내서점,02-534-8453,서울 동작구 사당로 143 (사당동) 지하 1층,미인증,"37.549354, 127.047105"
서울특별시,강남구,최인아책방,010-3907-7330,서울 강남구 선릉로 521 (역삼동) 4층,미인증,"37.563442, 126.935090"
서울특별시,강남구,최인아책방 GFC점,02-561-7330,"서울 강남구 테헤란로 152 (역삼동, 강남파이낸스센터) 1층",미인증,"37.501903, 127.037298"
서울특별시,은평구,충암서점,02-306-0318,서울 은평구 가좌로5길 8 (응암동),미인증,"37.602712, 126.916788"
서울특별시,성동구,카모메 그림책방,010-6510-5065,서울 성동구 무수막길 84 (금호동2가),미인증,"37.548903, 127.024649"
서울특별시,동대문구,카이스트 구내서적,,서울 동대문구 회기로 85 (청량리동) 후생복지관 3층,미인증,"37.591222, 127.055942"
서울특별시,양천구,칸트의시간,02-2646-1242,서울 양천구 목동서로 77 (목동)B117,미인증,"37.531645, 126.872896"
서울특별시,종로구,커넥티드북스토어,0507-1305-5475,서울 종로구 청계천로 159 (장사동) 3층 외부 바열 328호,미인증,"37.571214, 126.983514"
서울특별시,성북구,코믹시티 성신북스,02-3673-0877,서울 성북구 동소문로 111 (동선동4가) 지하,미인증,"37.591580, 127.013429"
서울특별시,강남구,콜링 북스,,서울 강남구 선릉로157길 14-4 (신사동) 103호,미인증,"37.526013, 127.043585"
서울특별시,강북구,테레사그림책방,010-2884-4625,서울 강북구 오패산로67길 7 (번동) 1층,미인증,"37.631191, 127.035462"
서울특별시,동작구,톨쉽북스토어,070-4438-2006,서울 동작구 노량진로6길 21 (노량진동) 지하 1층,미인증,"37.508531, 126.941366"
서울특별시,종로구,파움스서울,0507-1350-9125,서울 종로구 필운대로 15-10 (필운동) 4층,미인증,"37.504500, 126.962073"
서울특별시,송파구,퍼스트플로어,010-3866-6701,"서울 송파구 위례광장로 270 (장지동, 송파와이즈더샵) 2층 Y214호",미인증,"37.536895, 127.003585"
서울특별시,용산구,페이퍼뮤즈,02-6406-6818,서울 용산구 대사관로5길 25 (한남동) 1층,미인증,"37.535712, 126.989946"
서울특별시,용산구,포스트포에틱스,02-322-7023,서울 용산구 이태원로 240 (한남동),미인증,"37.548503, 126.931215"
서울특별시,동작구,푸른문고,02-823-4583,서울 동작구 상도로 56 (대방동),미인증,"37.495162, 126.942001"
서울특별시,동작구,푸른문고,010-2720-5989,서울 동작구 대방동 404-1 지하 1층 푸른문고,인증,"37.494444, 126.922739"
서울특별시,종로구,풀무질,02-745-8891,서울 종로구 성균관로 19 (명륜2가) 지하 1층,미인증,"37.581762, 126.999702"
서울특별시,관악구,프라임서점,02-878-1138,서울 관악구 신림로 90 (신림동) 1층,미인증,"37.565686, 126.920779"
서울특별시,성동구,프루스트의 서재,010-8988-2682,서울 성동구 무수막길 56 (금호동2가),미인증,"37.562071, 126.935091"
서울특별시,양천구,하늘북,010-3059-7142,서울 양천구 가로공원로60길 17-1 1층(신월동),인증,"37.524788, 126.866547"
서울특별시,강서구,학림문고,02-2668-2944,"서울 강서구 허준로 139 (가양동, 강변아파트)",미인증,"37.566028, 126.831364"
서울특별시,중랑구,학문서점,02-496-6646,서울 중랑구 용마산로 345 (면목동)1층 학문서점,미인증,"37.593514, 127.083519"
서울특별시,종로구,학아재,0507-1320-5157,서울 종로구 자하문로7길 36 (통인동),미인증,"37.594231, 127.081583"
서울특별시,영등포구,학연서점,02-785-6623,서울 영등포구 국제금융로6길 33 (여의도동),미인증,"37.493861, 126.988418"
서울특별시,서초구,학창문고,02-583-8189,서울 서초구 서초대로26길 3 (방배동) 103호,미인증,"37.489789, 127.001058"
서울특별시,종로구,한권의 서점,0504-0904-2021,서울 종로구 자하문로9길 24 (통인동),미인증,"37.483438, 127.129860"
서울특별시,광진구,한글서적,,서울 광진구 자양동 52-201,미인증,"37.513700, 127.104647"
서울특별시,종로구,한글파크서점,02-561-9544,서울 종로구 자하문로 300 (홍지동) 1층,미인증,"37.576558, 126.967529"
서울특별시,동대문구,한길문고,02-466-1900,서울 동대문구 답십리로 289 (장안동) 지하 1층,미인증,"37.613750, 126.961797"
서울특별시,동작구,한길서적(남성),02-588-2274,서울 동작구 사당로 226 (사당동),인증,"37.587530, 127.010755"
서울특별시,동작구,한길서적(주)상도지점,02-821-2274,서울 동작구 상도로 347 (상도동)지하1층,인증,"37.505568, 126.984781"
서울특별시,서초구,한길서적주식회사,02-591-2274,서울 서초구 동작대로 132 (방배동) 안석빌딩지하1층,인증,"37.512973, 126.964064"
서울특별시,강남구,한길서점,02-3453-1626,서울 강남구 삼성로 237 (대치동),미인증,"37.502168, 127.037341"
서울특별시,서초구,한길서점(반포),02-3477-6545,서울 서초구 고무래로 22 (반포동) 서관 지하1층,미인증,"37.603071, 126.917435"
서울특별시,서대문구,한나책방,070-4123-7778,서울 서대문구 연희로11나길 7-5 (연희동) 2층 201호,미인증,"37.549444, 127.025487"
서울특별시,종로구,한미문화사,02-548-8084,서울 강남구 논현로132길 38 (논현동),미인증,"37.548022, 126.906627"
서울특별시,강동구,한보문고,02-473-8162,서울 강동구 천호대로 1194 (둔촌동) 아도빌딩 지하1층,미인증,"37.582242, 126.986727"
서울특별시,성북구,한성대 구내서점,02-742-2246,서울 성북구 삼선교로16길 116 (삼선동2가) 우촌관 1층,미인증,"37.539679, 127.073796"
서울특별시,구로구,한솔문고,02-2611-0455,서울 구로구 고척로 202 (고척동),미인증,"37.555178, 126.945615"
서울특별시,동대문구,한솔문고,02-2241-7978,서울 동대문구 한천로 221 (전농동) 배봉빌딩,미인증,"37.588206, 126.939665"
서울특별시,동대문구,한우리문고,02-967-0162,서울 동대문구 이문로 98 (이문동),인증,"37.598205, 127.078616"
서울특별시,강남구,한티문고,02-563-7821,서울 강남구 도곡로 415 (대치동),미인증,"37.517278, 127.071665"
서울특별시,양천구,햇빛문고 푸른마을점,02-2688-3588,서울 양천구 신정로11길 50-2 (신정동),인증,"37.554205, 126.939497"
서울특별시,양천구,햇빛문고-목동본점,02-2655-2444,서울 양천구 목동서로 355 (신정동) 강림교회1층 햇빛문고-목동본점,인증,"37.554339, 126.940872"
서울특별시,성북구,햇살속으로,02-512-5272,"서울 성북구 정릉로 346 201호, (정릉동)",미인증,"37.503034, 127.127211"
서울특별시,강서구,행복한글간,02-3661-6055,"서울 강서구 공항대로41길 51 (등촌동) 지층 122,123호",인증,"37.543509, 126.934995"
서울특별시,마포구,헬로인디북스,010-4563-7830,서울 마포구 동교로46길 33 (연남동),미인증,"37.476017, 126.904224"
서울특별시,노원구,현대글마당 삼육대점,02-3399-3406,서울 노원구 화랑로 815 (공릉동) 삼육대학교 바울관 B1층,미인증,"37.534848, 126.934252"
서울특별시,은평구,현대문고,02-355-8500,서울 은평구 은평로3길 15 (역촌동),미인증,"37.615809, 127.067560"
서울특별시,강남구,현대서적,02-542-3894,"서울 강남구 압구정로 201 (압구정동, 현대아파트)",미인증,"37.565257, 126.898693"
서울특별시,노원구,현대서점,02-951-3943,서울 노원구 한글비석로 231 (중계동) 위성프라자 지하1층,미인증,"37.563719, 126.855446"
서울특별시,강동구,현대서점문구,02-483-4242,"서울 강동구 상암로 11 (암사동, 선사현대아파트)",미인증,"37.550648, 126.929384"
서울특별시,강동구,현대책서점,02-428-0489,서울 강동구 동남로81길 70 (고덕동),미인증,"37.554875, 126.946302"
서울특별시,구로구,형제서점,02-864-0241,"서울 구로구 디지털로31길 120 (구로동, 한신휴플러스아파트)",미인증,"37.558866, 126.945874"
서울특별시,양천구,형제서점,02-2065-9790,"서울 양천구 신정로14길 1 (신정동, 학마을아파트) 2단지 상가 104호",인증,"37.571801, 127.015522"
서울특별시,양천구,형제책서점,02-2065-9790,"서울 양천구 신정로14길 1 (신정동, 학마을아파트) 학마을 2단지 상가 104",미인증,"37.522561, 126.953353"
서울특별시,강서구,호수책장,010-2225-7690,서울 강서구 강서로45길 132-14 (내발산동),미인증,"37.534415, 127.071379"
서울특별시,강동구,홀로서기,02-812-6922,서울 강동구 동남로75길 13-25 (명일동),미인증,"37.555113, 127.083022"
서울특별시,금천구,홈통,02-745-1447,"서울 금천구 시흥대로73길 11 (시흥동, 무지개아파트) 상가 309호",미인증,"37.556027, 126.935224"
서울특별시,동작구,홍문관서적,1588-1869,서울 동작구 노량진로16길 25 (노량진동),미인증,"37.560034, 126.933150"
서울특별시,마포구,홍익대학서적,02-320-1562,서울 마포구 와우산로 94 (상수동),미인증,"37.530927, 127.060718"
서울특별시,마포구,홍익도서,02-334-4436,서울 마포구 동교로 148-8 (서교동),미인증,"37.505473, 127.004186"
서울특별시,서대문구,홍익문고,070-7843-6201,서울 서대문구 연세로 2 (창천동),미인증,"37.559143, 126.943971"
서울특별시,서대문구,홍제문고,02-3217-5552,서울 서대문구 통일로39가길 30 (홍제동) 지층,미인증,"37.588047, 126.944504"
서울특별시,강서구,화곡문고,02-2696-0300,서울 강서구 초록마을로 37 (화곡동),미인증,"37.537739, 126.842182"
서울특별시,노원구,화랑문고,02-973-8580,"서울 노원구 공릉로34길 62 (공릉동, 태강아파트)",인증,"37.620139, 127.071383"
서울특별시,송파구,황룡서적,02-400-4501,서울 송파구 마천로 271 (마천동) 지하1층,인증,"37.498897, 127.150350"
서울특별시,관악구,회전문서재,,서울 관악구 조원로2길 55 (신림동) 1층 4호 노란색 벽,미인증,"37.481684, 126.909855"
서울특별시,마포구,후란서가,010-3153-8268,서울 마포구 와우산로 149 (서교동) 201호,미인증,"37.552382, 126.921666"
서울특별시,강서구,흥인서점,02-2696-2320,서울 강서구 화곡로24길 40 (화곡동),미인증,"37.536662, 126.847627"
서울특별시,성북구,희망문고,02-744-9534,서울 성북구 성북로2길 27 희망문고,미인증,"37.594993, 126.994786"
